user_id,username,user_password,first_name,last_name,dob,user_email,contact_number,address1,address2,country,acc_type,gender,active,camp_id
8,volunteer8,111,qqq,qqq,2000-11,1@1.co,5555.0,qq,Apartment 505,china,volunteer,male,True,13
11,volunteer11,111,Ava,Jones,1991/11/27,ava@gmail.com,11112222.0,Hickory Street,Suite 8,Villageton,volunteer,female,False,1
13,volunteer13,111,Emma,Hall,1993/05/20,emma@gmail.com,13134444.0,Aspen Road,Unit 808,Leafville,volunteer,female,False,
14,qq,11,w,w,2000-11,@.,11.0,11,11,11,volunteer,male,True,
15,volunteer88,1111,qq,qq,2000-11,1@qq.com,11.0,22,ww,Albania,volunteer,male,True,2
16,volunteer9,111,kk,kk,2000-11,w@qq.com,222.0,22,22,Albania,volunteer,male,True,11
17,volunteer99,111,w,w,2000-11,q@1.co,1.0,jj,j,Angola,volunteer,male,True,24
22,volunteer22,111,Nathan,Hill,1995/11/08,nathan@gmail.com,22227777.0,Bronze Road,Suite 106,Bronzetown,volunteer,male,False,
23,volunteer23,111,Leah,Campbell,1999/02/19,leah@gmail.com,23238888.0,Platinum Lane,Unit 107,Platinum City,volunteer,female,True,1
24,volunteer24,111,Gabriel,Cooper,1992/05/31,gabriel@gmail.com,24249999.0,Diamond Street,Suite 108,Diamondville,volunteer,male,True,1
